first_name,last_name,email,gender
Harley,Buckie,hbuckie0@merriam-webster.com,Male
Laverne,Ungaretti,lungaretti1@diigo.com,Female
Clea,Luckcock,cluckcock2@de.vu,Female
Matteo,Leckie,mleckie3@fastcompany.com,Male
Augustus,Glaserman,aglaserman4@free.fr,Male
Winny,Borkett,wborkett5@symantec.com,Male
Rafaelia,Butterly,rbutterly6@army.mil,Female
Vince,Talks,vtalks7@chron.com,Male
Andros,Malkie,amalkie8@sakura.ne.jp,Male
Bondie,Pierpoint,bpierpoint9@home.pl,Male
Adelice,Adam,aadama@edublogs.org,Female
Salvador,Belbin,sbelbinb@discovery.com,Male
Tabbie,Fortnum,tfortnumc@webmd.com,Female
Lonni,Whimp,lwhimpd@wsj.com,Polygender
Bridie,Drieu,bdrieue@pbs.org,Female
Patrizia,Lesmonde,plesmondef@reverbnation.com,Female
Tiffie,Mullis,tmullisg@dailymail.co.uk,Female
Lyssa,Caygill,lcaygillh@bizjournals.com,Female
Tiffani,Berndtssen,tberndtsseni@reverbnation.com,Female
Ravid,Sambrook,rsambrookj@hugedomains.com,Male
Hirsch,Stradling,hstradlingk@nbcnews.com,Male
Fairfax,Blackmuir,fblackmuirl@wordpress.org,Male
Lacey,Burgoine,lburgoinem@tamu.edu,Female
Mufinella,Merveille,mmerveillen@goo.gl,Female
Sabrina,Bennion,sbenniono@senate.gov,Female
Ula,Moisey,umoiseyp@discuz.net,Agender
Indira,Kleinerman,ikleinermanq@dropbox.com,Female
Free,Gauler,fgaulerr@eventbrite.com,Male
Laurens,FitzGilbert,lfitzgilberts@wikimedia.org,Male
Prinz,Cunniff,pcunnifft@usatoday.com,Male
Angelique,De Leek,adeleeku@globo.com,Female
Janine,Mc Gaughey,jmcgaugheyv@webeden.co.uk,Female
Clyve,McGriffin,cmcgriffinw@diigo.com,Male
Rey,Dusey,rduseyx@sun.com,Male
Arman,Pinnell,apinnelly@scientificamerican.com,Male
Glen,Keddy,gkeddyz@chicagotribune.com,Male
Dimitri,Sibbit,dsibbit10@icq.com,Non-binary
Valaria,Yegoshin,vyegoshin11@tamu.edu,Female
Gladi,Dellit,gdellit12@mysql.com,Female
Shaylynn,Sillis,ssillis13@thetimes.co.uk,Female
Ambur,Ruckert,aruckert14@friendfeed.com,Female
Kristo,Lufkin,klufkin15@loc.gov,Male
Adara,Kitt,akitt16@opera.com,Female
Tommy,Windrus,twindrus17@yellowpages.com,Male
Evelyn,Shea,eshea18@webs.com,Genderqueer
Brandyn,Trevallion,btrevallion19@youtube.com,Male
Mano,Cruse,mcruse1a@lycos.com,Male
Norris,Perree,nperree1b@walmart.com,Male
Spenser,Delacroux,sdelacroux1c@indiegogo.com,Male
Catherine,Holdron,choldron1d@dot.gov,Agender
Norean,Wigg,nwigg1e@scientificamerican.com,Female
Sargent,Koba,skoba1f@rakuten.co.jp,Male
Carly,Van Velden,cvanvelden1g@bandcamp.com,Male
Felizio,Hemstead,fhemstead1h@telegraph.co.uk,Male
Kilian,Cubin,kcubin1i@imageshack.us,Male
Naomi,Corr,ncorr1j@miitbeian.gov.cn,Female
Robby,Halloran,rhalloran1k@ehow.com,Male
Amory,Cavan,acavan1l@angelfire.com,Male
Arabella,MacCarrane,amaccarrane1m@posterous.com,Female
Brucie,Leas,bleas1n@elpais.com,Non-binary
Timothea,Harrinson,tharrinson1o@indiegogo.com,Female
Tommy,Miner,tminer1p@goo.gl,Male
Hersh,Ciccarelli,hciccarelli1q@sakura.ne.jp,Genderfluid
Batsheva,Nears,bnears1r@go.com,Female
Thatcher,Palek,tpalek1s@barnesandnoble.com,Male
Carlos,Wellington,cwellington1t@pinterest.com,Male
Rosco,Gluyas,rgluyas1u@bizjournals.com,Bigender
Ebeneser,Jiru,ejiru1v@tinypic.com,Male
Murdock,Galliver,mgalliver1w@msn.com,Male
Etienne,Bellanger,ebellanger1x@com.com,Male
Shaun,Librey,slibrey1y@cpanel.net,Male
Lorrie,Slaten,lslaten1z@cloudflare.com,Female
Eward,Hillum,ehillum20@nationalgeographic.com,Male
Carter,Leek,cleek21@ifeng.com,Male
Hinda,Reedick,hreedick22@mtv.com,Female
Dalli,Lorryman,dlorryman23@dedecms.com,Male
Derrick,Charter,dcharter24@sohu.com,Male
Patsy,Iskowitz,piskowitz25@bizjournals.com,Polygender
Marrissa,Domerq,mdomerq26@sitemeter.com,Female
Dante,Ludee,dludee27@samsung.com,Male
Tiertza,Sells,tsells28@instagram.com,Female
Iosep,Godsil,igodsil29@youtu.be,Male
Felix,Pickford,fpickford2a@amazon.co.uk,Male
Damian,Quarmby,dquarmby2b@paypal.com,Male
Yetta,Covet,ycovet2c@phpbb.com,Female
Joey,Pignon,jpignon2d@eventbrite.com,Male
Sarena,Blick,sblick2e@squidoo.com,Female
Christy,Nezey,cnezey2f@squarespace.com,Bigender
Dionis,Janca,djanca2g@dyndns.org,Female
Sande,Jerrome,sjerrome2h@newyorker.com,Female
Son,Rathjen,srathjen2i@devhub.com,Male
Randal,Itzcovichch,ritzcovichch2j@fastcompany.com,Male
Langsdon,Newlove,lnewlove2k@geocities.jp,Male
Graham,Dibdin,gdibdin2l@weebly.com,Male
Melicent,Cork,mcork2m@europa.eu,Female
Oby,Tuppeny,otuppeny2n@illinois.edu,Male
Ailey,Cobley,acobley2o@omniture.com,Female
Sherilyn,Bonnar,sbonnar2p@ocn.ne.jp,Female
Con,Sealove,csealove2q@clickbank.net,Female
Duke,Robbeke,drobbeke2r@hibu.com,Male
Harlen,Gemmell,hgemmell2s@intel.com,Male
Maxwell,Cheater,mcheater2t@miitbeian.gov.cn,Male
Kizzie,Posner,kposner2u@dedecms.com,Female
Bryana,Haysom,bhaysom2v@ihg.com,Female
Oberon,Zupone,ozupone2w@elpais.com,Male
Shari,Prendiville,sprendiville2x@rakuten.co.jp,Female
Myron,Dugan,mdugan2y@bandcamp.com,Male
Page,Watling,pwatling2z@arstechnica.com,Female
Robbie,Duggen,rduggen30@boston.com,Agender
Hunter,Domeny,hdomeny31@studiopress.com,Male
Lucio,Haythorn,lhaythorn32@usatoday.com,Male
Cathleen,Ancliffe,cancliffe33@hao123.com,Female
Patsy,Sinyard,psinyard34@amazon.com,Female
Britteny,Lockley,blockley35@oakley.com,Female
Ches,Garwell,cgarwell36@studiopress.com,Male
Thia,Whilder,twhilder37@opera.com,Female
Shanan,Helm,shelm38@spotify.com,Male
Lenora,Middlemist,lmiddlemist39@bandcamp.com,Female
Alric,Yesichev,ayesichev3a@wisc.edu,Male
Bobbie,Jurca,bjurca3b@posterous.com,Agender
Wilhelmine,Cromie,wcromie3c@nifty.com,Female
Burl,Clementet,bclementet3d@dell.com,Agender
Mil,Van der Son,mvanderson3e@google.com,Female
Cheryl,Burghill,cburghill3f@ed.gov,Female
Elliot,Cockshtt,ecockshtt3g@fda.gov,Male
Addie,Crim,acrim3h@scribd.com,Male
Edd,Stodd,estodd3i@blogtalkradio.com,Male
Emmalynn,Prout,eprout3j@discuz.net,Female
Laurette,Manson,lmanson3k@marketwatch.com,Female
Peadar,Guidini,pguidini3l@printfriendly.com,Polygender
Paolo,Shenfish,pshenfish3m@booking.com,Male
Valentine,Watting,vwatting3n@japanpost.jp,Male
Thomasine,Burrows,tburrows3o@bbc.co.uk,Bigender
Abbye,Haston,ahaston3p@umich.edu,Female
Avram,Colum,acolum3q@walmart.com,Male
Rina,Lydall,rlydall3r@delicious.com,Female
Pasquale,Lesaunier,plesaunier3s@1688.com,Male
Althea,Rissom,arissom3t@apache.org,Female
Arlana,Birdwhistell,abirdwhistell3u@hao123.com,Female
Louisette,Hanaford,lhanaford3v@huffingtonpost.com,Female
Kathye,Hardan,khardan3w@cafepress.com,Female
Franzen,Mainwaring,fmainwaring3x@time.com,Male
Shaine,Densun,sdensun3y@toplist.cz,Male
Jud,Tole,jtole3z@java.com,Male
Griz,Cotilard,gcotilard40@xing.com,Male
Danell,Dufall,ddufall41@sourceforge.net,Female
Linette,Carrivick,lcarrivick42@cnet.com,Female
Jeanette,Jancy,jjancy43@nba.com,Female
Hamnet,Thick,hthick44@usnews.com,Male
Kore,Ducaen,kducaen45@soundcloud.com,Female
Alva,Kalisz,akalisz46@e-recht24.de,Male
Demetre,Daulby,ddaulby47@seesaa.net,Male
Tarrance,Okill,tokill48@answers.com,Male
Nissa,Lamps,nlamps49@printfriendly.com,Female
Chloris,Heathcott,cheathcott4a@sphinn.com,Female
Deni,Rickert,drickert4b@hubpages.com,Female
Lorin,Inseal,linseal4c@newsvine.com,Male
Yvon,Scarsbrooke,yscarsbrooke4d@barnesandnoble.com,Male
Tatiania,Sommers,tsommers4e@unesco.org,Female
Trish,Reace,treace4f@hhs.gov,Female
Ellyn,Burnsyde,eburnsyde4g@google.es,Female
Chane,Postan,cpostan4h@twitpic.com,Male
Wes,Turpie,wturpie4i@theglobeandmail.com,Male
Skell,Hards,shards4j@mayoclinic.com,Male
Carlina,Heed,cheed4k@umich.edu,Female
Melina,Forsdicke,mforsdicke4l@xinhuanet.com,Female
Annmarie,Milbourne,amilbourne4m@twitter.com,Female
Ertha,Wedlake,ewedlake4n@hibu.com,Female
Dell,Jack,djack4o@abc.net.au,Male
Delcine,Banat,dbanat4p@imdb.com,Female
Keir,Giblin,kgiblin4q@mapy.cz,Male
Markus,Curnnok,mcurnnok4r@hc360.com,Male
Morty,Olivi,molivi4s@cpanel.net,Male
Bridgette,Masding,bmasding4t@bloglovin.com,Female
Donall,Dybald,ddybald4u@pinterest.com,Polygender
Renado,Maestrini,rmaestrini4v@geocities.jp,Male
Linnie,Sergant,lsergant4w@dailymail.co.uk,Female
Olin,Sparway,osparway4x@java.com,Male
Shanan,Gallally,sgallally4y@sitemeter.com,Male
Cassius,Havelin,chavelin4z@harvard.edu,Male
Violette,Rolfs,vrolfs50@eepurl.com,Female
Putnem,Gecke,pgecke51@tripod.com,Male
Rosaleen,Jambrozek,rjambrozek52@sciencedaily.com,Non-binary
Gipsy,Tuxell,gtuxell53@devhub.com,Female
Kendell,Gavaran,kgavaran54@oakley.com,Male
Suzanna,Vautin,svautin55@ocn.ne.jp,Female
Gardy,Tuley,gtuley56@yolasite.com,Male
Etan,Boller,eboller57@europa.eu,Male
Cherilynn,Bresnahan,cbresnahan58@sina.com.cn,Female
Levi,Floweth,lfloweth59@google.cn,Male
Marcela,Dusting,mdusting5a@ow.ly,Female
Jeannie,Gaitskill,jgaitskill5b@networkadvertising.org,Female
Irma,Sowten,isowten5c@unicef.org,Female
Asa,Klisch,aklisch5d@booking.com,Genderfluid
Laughton,Maraga,lmaraga5e@youku.com,Male
Ellswerth,Torrijos,etorrijos5f@clickbank.net,Male
Davie,De Mattia,ddemattia5g@nsw.gov.au,Male
Ashley,Fergusson,afergusson5h@sun.com,Female
Clyde,Fordy,cfordy5i@wordpress.org,Polygender
Alan,Lomis,alomis5j@bloomberg.com,Male
Jolee,Shortland,jshortland5k@digg.com,Female
Boyd,Harrod,bharrod5l@imageshack.us,Male
Maryjane,Tomadoni,mtomadoni5m@ustream.tv,Female
Waiter,Keling,wkeling5n@ask.com,Male
Hedy,Fancott,hfancott5o@marketwatch.com,Female
Conny,Hinckley,chinckley5p@who.int,Female
Ophelie,Smouten,osmouten5q@barnesandnoble.com,Female
Colet,Elfleet,celfleet5r@uol.com.br,Male
Toby,Paulat,tpaulat5s@foxnews.com,Male
Ruthie,Kopman,rkopman5t@sogou.com,Female
Anna-diane,Yakobowitch,ayakobowitch5u@hexun.com,Female
Basile,Will,bwill5v@unblog.fr,Male
Gladys,Penwell,gpenwell5w@businessinsider.com,Agender
Blancha,Breadon,bbreadon5x@redcross.org,Female
Trude,Asple,tasple5y@virginia.edu,Female
Gabi,Shailer,gshailer5z@lycos.com,Female
Gretna,Hankinson,ghankinson60@umn.edu,Female
Cass,Hitter,chitter61@merriam-webster.com,Male
Fritz,Burl,fburl62@discuz.net,Male
Ivett,Franklen,ifranklen63@loc.gov,Bigender
Sileas,Greenland,sgreenland64@nasa.gov,Female
Dalston,Sherrock,dsherrock65@nymag.com,Male
Raf,Jirek,rjirek66@yale.edu,Female
Wit,O'Cannovane,wocannovane67@pbs.org,Polygender
Jo-anne,Badman,jbadman68@rediff.com,Female
Skell,Leynham,sleynham69@twitter.com,Male
Ara,Kembery,akembery6a@oracle.com,Male
Sidoney,Warman,swarman6b@oaic.gov.au,Female
Dulcy,Dabney,ddabney6c@nydailynews.com,Female
Jo-ann,Tasseler,jtasseler6d@reuters.com,Female
Neddy,Aked,naked6e@symantec.com,Male
Therine,Rabbitts,trabbitts6f@xrea.com,Bigender
Chadd,Eglese,ceglese6g@quantcast.com,Male
Haze,Waldocke,hwaldocke6h@blinklist.com,Male
Pascal,Tomczynski,ptomczynski6i@vk.com,Male
Linn,Grigorio,lgrigorio6j@apache.org,Male
Sigismund,Konertz,skonertz6k@cnet.com,Male
Carine,Simcock,csimcock6l@geocities.jp,Female
Herrick,Yerlett,hyerlett6m@home.pl,Male
Wait,Edon,wedon6n@alexa.com,Male
Rochelle,Westney,rwestney6o@cnbc.com,Female
Laurella,Chotty,lchotty6p@flickr.com,Female
Byran,Stannas,bstannas6q@addthis.com,Male
Timothea,Stallwood,tstallwood6r@canalblog.com,Female
Towney,Lembrick,tlembrick6s@gov.uk,Male
Seka,Booy,sbooy6t@japanpost.jp,Female
Durant,Leveridge,dleveridge6u@ucoz.com,Male
Deeyn,Craighall,dcraighall6v@myspace.com,Female
Homer,Spurway,hspurway6w@netscape.com,Male
Brockie,Stolze,bstolze6x@cmu.edu,Male
Torrie,de Juares,tdejuares6y@geocities.jp,Female
Samantha,Cicconettii,scicconettii6z@posterous.com,Bigender
Selestina,Totaro,stotaro70@pbs.org,Female
Avril,Matlock,amatlock71@google.es,Female
Marillin,Ryott,mryott72@wired.com,Agender
Ilysa,Redwing,iredwing73@php.net,Female
Howard,Hattoe,hhattoe74@ebay.com,Male
Cort,Wardlaw,cwardlaw75@weather.com,Male
Ashla,Alsopp,aalsopp76@vinaora.com,Genderqueer
Elvis,Dubarry,edubarry77@wikispaces.com,Agender
Rhodia,Rawcliffe,rrawcliffe78@huffingtonpost.com,Female
Janka,Lacasa,jlacasa79@plala.or.jp,Non-binary
Aeriell,Yakobowitz,ayakobowitz7a@360.cn,Female
Jock,Bignall,jbignall7b@census.gov,Male
Shel,Landers,slanders7c@fotki.com,Female
Sergio,Ughetti,sughetti7d@shareasale.com,Male
Symon,Tidmarsh,stidmarsh7e@google.com.au,Male
Jillane,Le Barr,jlebarr7f@list-manage.com,Female
Kiel,Jordi,kjordi7g@toplist.cz,Male
Bernete,Pardie,bpardie7h@youku.com,Genderfluid
Daven,Hambling,dhambling7i@hhs.gov,Male
Marylynne,Donovan,mdonovan7j@yandex.ru,Female
Pedro,Lis,plis7k@woothemes.com,Male
Thorin,Heed,theed7l@privacy.gov.au,Male
Hilton,Mawtus,hmawtus7m@hao123.com,Genderfluid
Cyrillus,Cornelissen,ccornelissen7n@engadget.com,Male
Webster,Rossbrook,wrossbrook7o@marriott.com,Male
Sherman,Mazey,smazey7p@ezinearticles.com,Male
Karly,Sudron,ksudron7q@biblegateway.com,Female
Adolphus,Roberts,aroberts7r@t.co,Male
Llywellyn,Feander,lfeander7s@dot.gov,Genderfluid
Karna,Stapylton,kstapylton7t@ehow.com,Female
Allan,Sawtell,asawtell7u@diigo.com,Male
Lalo,Barradell,lbarradell7v@creativecommons.org,Male
Carolyn,Connechy,cconnechy7w@marriott.com,Female
Cody,MacCafferky,cmaccafferky7x@google.fr,Genderqueer
Carolan,Butterly,cbutterly7y@imdb.com,Female
Anjela,Harbage,aharbage7z@bravesites.com,Female
Onofredo,Woodcroft,owoodcroft80@reuters.com,Male
Elwyn,Element,eelement81@histats.com,Male
Hamil,Ledbetter,hledbetter82@java.com,Male
Nancie,Newby,nnewby83@examiner.com,Female
Shirlene,Smitheram,ssmitheram84@taobao.com,Female
Augusta,Blabber,ablabber85@merriam-webster.com,Female
Maria,Manderson,mmanderson86@jigsy.com,Female
Wilfrid,Brinkley,wbrinkley87@mozilla.org,Male
Elden,Stobbes,estobbes88@icio.us,Male
Udell,Wyllt,uwyllt89@blogspot.com,Male
Cristi,Baversor,cbaversor8a@cornell.edu,Female
Luciana,Kirley,lkirley8b@smugmug.com,Female
Gustaf,Nudds,gnudds8c@state.tx.us,Male
Robin,Waud,rwaud8d@wikia.com,Female
Taylor,Clayill,tclayill8e@forbes.com,Male
Brandy,Chamberlayne,bchamberlayne8f@hhs.gov,Male
Rey,Gerhold,rgerhold8g@ow.ly,Male
Mervin,Winny,mwinny8h@devhub.com,Male
Rebekkah,Rabson,rrabson8i@reference.com,Female
Giff,Maryska,gmaryska8j@tumblr.com,Male
Lilyan,Shulem,lshulem8k@blinklist.com,Female
Benny,Markovic,bmarkovic8l@google.com.br,Female
Raymund,Enochsson,renochsson8m@omniture.com,Male
Nerti,Byass,nbyass8n@t-online.de,Female
Lory,Swyn,lswyn8o@epa.gov,Agender
Rea,Collingridge,rcollingridge8p@chronoengine.com,Female
Suzi,Gaudon,sgaudon8q@storify.com,Female
Allyn,Kingaby,akingaby8r@google.com.hk,Female
Doug,Diggens,ddiggens8s@dagondesign.com,Male
Rania,Elles,relles8t@redcross.org,Female
Abramo,Bleasdille,ableasdille8u@rambler.ru,Male
Stearne,Hebborn,shebborn8v@foxnews.com,Male
Jesse,Cornish,jcornish8w@ning.com,Male
Lloyd,Rait,lrait8x@dot.gov,Male
Basia,Northcote,bnorthcote8y@comsenz.com,Female
Dominic,Shaul,dshaul8z@w3.org,Male
Berk,Euler,beuler90@exblog.jp,Male
Corenda,Easterling,ceasterling91@arstechnica.com,Polygender
Orlan,Nelissen,onelissen92@hubpages.com,Male
Brana,Eidelman,beidelman93@army.mil,Female
Celisse,Eastope,ceastope94@berkeley.edu,Female
Burnard,Dunican,bdunican95@springer.com,Male
Renado,Spensley,rspensley96@mediafire.com,Male
Leroy,Pinder,lpinder97@123-reg.co.uk,Male
Alexis,Penman,apenman98@clickbank.net,Polygender
Nanice,Soppit,nsoppit99@va.gov,Female
Matthiew,Way,mway9a@etsy.com,Male
Jordon,McKenna,jmckenna9b@samsung.com,Male
Davidson,McClymont,dmcclymont9c@quantcast.com,Male
Grenville,Threadgold,gthreadgold9d@hhs.gov,Male
Aldous,Sellner,asellner9e@dailymotion.com,Male
Loni,Agott,lagott9f@posterous.com,Female
Rowe,Duigenan,rduigenan9g@addthis.com,Female
Silvio,Dobrovolski,sdobrovolski9h@4shared.com,Male
Colet,Alben,calben9i@examiner.com,Male
Horatio,Fonzo,hfonzo9j@businessweek.com,Male
Peg,Daulby,pdaulby9k@cocolog-nifty.com,Female
Jackqueline,Goodswen,jgoodswen9l@blogs.com,Female
Ed,Isitt,eisitt9m@jugem.jp,Genderfluid
Glenden,Michelet,gmichelet9n@zdnet.com,Male
Bear,Jumonet,bjumonet9o@theglobeandmail.com,Male
Meghan,Ianitti,mianitti9p@rediff.com,Female
Salomi,Epton,septon9q@buzzfeed.com,Female
Burlie,Lared,blared9r@who.int,Male
Carolan,Learoyd,clearoyd9s@addthis.com,Female
Esmaria,Fitchen,efitchen9t@furl.net,Female
Kimbell,Cushelly,kcushelly9u@drupal.org,Male
Lauree,Bough,lbough9v@auda.org.au,Female
Jeramey,Stopford,jstopford9w@fotki.com,Male
Ailis,Nisbith,anisbith9x@mlb.com,Female
Waylan,Auden,wauden9y@cnbc.com,Male
Isabella,Hasty,ihasty9z@myspace.com,Female
Alvy,Kolczynski,akolczynskia0@people.com.cn,Male
Wenona,Blenkiron,wblenkirona1@fc2.com,Female
Lemmy,Cluet,lclueta2@geocities.com,Male
Cherilyn,Amner,camnera3@mlb.com,Non-binary
Carissa,Bere,cberea4@mayoclinic.com,Female
Geneva,Rilton,griltona5@oracle.com,Female
Kristin,Wasbey,kwasbeya6@ow.ly,Female
Chariot,Mollett,cmolletta7@meetup.com,Male
Jemmy,Whistlecroft,jwhistlecrofta8@skype.com,Female
Sandor,Tripp,strippa9@washington.edu,Bigender
Estevan,Philcock,ephilcockaa@instagram.com,Male
Hatti,Ghiriardelli,hghiriardelliab@utexas.edu,Female
Marcelle,Levermore,mlevermoreac@skype.com,Female
Marquita,Tortis,mtortisad@freewebs.com,Female
Georgi,Danzig,gdanzigae@rakuten.co.jp,Male
Bobbee,Paffett,bpaffettaf@zdnet.com,Female
Reade,Colomb,rcolombag@dion.ne.jp,Male
Bob,Gimblet,bgimbletah@independent.co.uk,Male
Julie,Neave,jneaveai@princeton.edu,Female
Nyssa,Dogg,ndoggaj@sbwire.com,Female
Caresa,Greenhead,cgreenheadak@go.com,Female
Dana,Extill,dextillal@discuz.net,Female
Anatole,Brettor,abrettoram@yellowbook.com,Male
Vidovik,Kaaskooper,vkaaskooperan@wsj.com,Male
Hewie,Rosevear,hrosevearao@123-reg.co.uk,Male
Rodrigo,Entwhistle,rentwhistleap@twitpic.com,Male
Cosimo,Alloisi,calloisiaq@mapquest.com,Male
Bee,Leith,bleithar@a8.net,Agender
Rex,Cockburn,rcockburnas@yandex.ru,Male
Mac,Dampney,mdampneyat@google.com.br,Agender
Heindrick,Mundwell,hmundwellau@1und1.de,Male
Myrta,Chrishop,mchrishopav@pbs.org,Female
Haskel,Goutcher,hgoutcheraw@dailymail.co.uk,Male
Merry,Jerred,mjerredax@cocolog-nifty.com,Female
Jessee,Orknay,jorknayay@epa.gov,Male
Adriena,Milson,amilsonaz@lulu.com,Female
Andie,Cocher,acocherb0@addtoany.com,Female
Cati,Pegden,cpegdenb1@disqus.com,Female
Cece,Kreuzer,ckreuzerb2@hao123.com,Male
Ronny,Hallard,rhallardb3@twitter.com,Male
Lyndsey,O'Gormally,logormallyb4@yahoo.com,Female
Codi,Rustadge,crustadgeb5@hp.com,Bigender
Brook,holmes,bholmesb6@studiopress.com,Female
Gabrila,Deeson,gdeesonb7@chronoengine.com,Female
Tallie,Dobsons,tdobsonsb8@nytimes.com,Male
Maxy,L'argent,mlargentb9@nih.gov,Female
Sue,Ivashev,sivashevba@newyorker.com,Female
Billi,Rediers,brediersbb@google.co.jp,Female
Haily,Kinson,hkinsonbc@last.fm,Female
Louisette,Loxly,lloxlybd@slashdot.org,Female
Valle,Fairbairn,vfairbairnbe@altervista.org,Male
Terry,Andersson,tanderssonbf@parallels.com,Female
Gunner,Ibbetson,gibbetsonbg@elegantthemes.com,Male
Emmie,Fader,efaderbh@reference.com,Female
Daisey,Extil,dextilbi@mayoclinic.com,Female
Caesar,Viger,cvigerbj@stumbleupon.com,Male
Curry,Janowski,cjanowskibk@time.com,Male
Gwyneth,Mollison,gmollisonbl@redcross.org,Female
Maudie,Hayth,mhaythbm@de.vu,Female
Eyde,Rothman,erothmanbn@state.gov,Female
Deck,Menelaws,dmenelawsbo@toplist.cz,Male
Darcy,Symmers,dsymmersbp@china.com.cn,Male
Grace,Wattam,gwattambq@mozilla.org,Female
Giulia,Kinsman,gkinsmanbr@studiopress.com,Female
Paulie,Attarge,pattargebs@about.com,Female
Cherey,Capper,ccapperbt@ycombinator.com,Female
Sari,Mingame,smingamebu@illinois.edu,Female
Darsie,Sodor,dsodorbv@fema.gov,Female
Say,Hugill,shugillbw@shareasale.com,Male
Salmon,Varfalameev,svarfalameevbx@fotki.com,Genderqueer
Addie,Salling,asallingby@alexa.com,Female
Aeriell,Poser,aposerbz@prlog.org,Female
Willette,Gurwood,wgurwoodc0@tiny.cc,Female
Vance,Lambart,vlambartc1@ucla.edu,Male
Rivi,Gethings,rgethingsc2@newyorker.com,Female
Fara,McCadden,fmccaddenc3@vkontakte.ru,Female
Thomasina,Colegrove,tcolegrovec4@bbb.org,Female
Lucius,Jauncey,ljaunceyc5@edublogs.org,Male
Jonell,Joules,jjoulesc6@dell.com,Female
Jessee,Newlands,jnewlandsc7@pen.io,Male
Reynold,Magnus,rmagnusc8@dailymail.co.uk,Male
Ajay,Dallemore,adallemorec9@wufoo.com,Female
Mickie,Mottinelli,mmottinellica@senate.gov,Male
Thomasa,Chaff,tchaffcb@si.edu,Female
Benedicto,Bryce,bbrycecc@freewebs.com,Male
Granger,Gainsburgh,ggainsburghcd@sphinn.com,Male
Garry,Gantzer,ggantzerce@wordpress.org,Male
Daphene,Baudesson,dbaudessoncf@bigcartel.com,Female
Al,Inkster,ainkstercg@army.mil,Male
Melly,Evangelinos,mevangelinosch@360.cn,Female
Ashely,Dennant,adennantci@topsy.com,Female
Tabbie,Connealy,tconnealycj@cocolog-nifty.com,Polygender
Torin,Roth,trothck@blogtalkradio.com,Male
Brynna,Peres,bperescl@cnbc.com,Female
Kessiah,Orlton,korltoncm@dedecms.com,Female
Larry,Schiell,lschiellcn@surveymonkey.com,Genderfluid
Nap,Faier,nfaierco@reddit.com,Male
Arliene,Jovovic,ajovoviccp@webnode.com,Female
Gabriell,Balchin,gbalchincq@amazon.com,Female
Myra,Edelheit,medelheitcr@theguardian.com,Female
Lezley,Sowerbutts,lsowerbuttscs@t-online.de,Male
Camila,Ebbutt,cebbuttct@instagram.com,Female
Joelly,Skentelbery,jskentelberycu@virginia.edu,Female
Feliks,Summerson,fsummersoncv@people.com.cn,Male
Mattie,Sweed,msweedcw@jigsy.com,Male
Ava,McMullen,amcmullencx@archive.org,Female
Truman,Vurley,tvurleycy@nymag.com,Male
Joly,Gravells,jgravellscz@mtv.com,Female
Merralee,Peckham,mpeckhamd0@cbsnews.com,Female
Seymour,Nuttey,snutteyd1@4shared.com,Polygender
Arlette,Cargen,acargend2@samsung.com,Female
Theresa,Covotti,tcovottid3@homestead.com,Female
Antony,Deighton,adeightond4@google.com.br,Genderqueer
Sabra,Louys,slouysd5@usa.gov,Female
Jeremiah,Lampl,jlampld6@creativecommons.org,Male
Iseabal,Richings,irichingsd7@artisteer.com,Female
Tam,Hosier,thosierd8@is.gd,Male
Jack,Leiden,jleidend9@fc2.com,Male
Rhody,Heikkinen,rheikkinenda@i2i.jp,Female
Ally,Mitchinson,amitchinsondb@vistaprint.com,Female
Malissia,Shimmings,mshimmingsdc@nifty.com,Female
Abbe,Bennetts,abennettsdd@xrea.com,Male
Scarlet,Sivewright,ssivewrightde@tuttocitta.it,Genderfluid
Krisha,Binnion,kbinniondf@yale.edu,Male
Alexandros,Mebes,amebesdg@jugem.jp,Male
Lorenzo,MacPharlain,lmacpharlaindh@phoca.cz,Male
Orran,Manns,omannsdi@un.org,Male
Karoly,Sherred,ksherreddj@sfgate.com,Female
Cayla,Doward,cdowarddk@techcrunch.com,Female
Theobald,Angrove,tangrovedl@oakley.com,Male
Nerissa,Simonnet,nsimonnetdm@engadget.com,Female
Lewiss,Python,lpythondn@mlb.com,Male
Joseito,Bourges,jbourgesdo@reuters.com,Male
Jo ann,Brimilcombe,jbrimilcombedp@ow.ly,Female
Arabelle,Smeuin,asmeuindq@moonfruit.com,Female
Mariellen,O'Grogane,mogroganedr@spotify.com,Female
Ava,Balkwill,abalkwillds@macromedia.com,Female
Kinna,Schiell,kschielldt@timesonline.co.uk,Female
Burg,Biasotti,bbiasottidu@1und1.de,Male
Vita,Rappoport,vrappoportdv@wufoo.com,Female
Ringo,Pargeter,rpargeterdw@sbwire.com,Genderqueer
Mellicent,Kenion,mkeniondx@naver.com,Female
Maura,Skeggs,mskeggsdy@guardian.co.uk,Female
Cassy,Tanby,ctanbydz@hhs.gov,Female
Loni,Sallis,lsallise0@elegantthemes.com,Female
Neda,Critzen,ncritzene1@flavors.me,Female
Wyatt,Sussans,wsussanse2@sfgate.com,Male
Cirilo,Loffel,cloffele3@odnoklassniki.ru,Male
Bard,Cradick,bcradicke4@cocolog-nifty.com,Male
Jo-ann,Fishley,jfishleye5@edublogs.org,Female
Audy,Badam,abadame6@mtv.com,Female
Rudiger,Santora,rsantorae7@wikispaces.com,Male
Clem,Fairey,cfaireye8@epa.gov,Bigender
Miltie,Younglove,myounglovee9@addtoany.com,Male
Wandie,Vigars,wvigarsea@sourceforge.net,Female
Merrill,Liddington,mliddingtoneb@google.com.au,Male
Alexandra,Rickhuss,arickhussec@google.fr,Female
Tonia,Lishmund,tlishmunded@topsy.com,Female
Fraser,Prop,fpropee@ca.gov,Male
Bail,Wooster,bwoosteref@tripod.com,Male
Bevon,Gittings,bgittingseg@hud.gov,Male
Larry,Kegg,lkeggeh@boston.com,Male
Blair,Aizik,baizikei@amazon.de,Male
Sherwood,Dissman,sdissmanej@youtube.com,Male
Mayor,Menat,mmenatek@etsy.com,Male
Theobald,Mallatratt,tmallatrattel@va.gov,Male
Lyn,Canape,lcanapeem@unc.edu,Female
Winslow,Rexworthy,wrexworthyen@addthis.com,Male
Sara-ann,Ludee,sludeeeo@skyrock.com,Female
Patrizius,Eddisford,peddisfordep@lulu.com,Male
Marion,Cattenach,mcattenacheq@nymag.com,Male
Patty,Lotherington,plotheringtoner@diigo.com,Male
Teodorico,Issacov,tissacoves@loc.gov,Male
Rodrique,Cridlan,rcridlanet@merriam-webster.com,Male
Jackson,Clausen-Thue,jclausenthueeu@xinhuanet.com,Male
Tarra,Turk,tturkev@blogtalkradio.com,Female
Farrel,Bellhouse,fbellhouseew@spiegel.de,Male
Dennis,Jeaves,djeavesex@over-blog.com,Male
Minnaminnie,Key,mkeyey@amazon.co.jp,Female
Fredek,Evitts,fevittsez@shareasale.com,Male
Gaspar,Goalley,ggoalleyf0@ucla.edu,Male
Nikos,Urrey,nurreyf1@vkontakte.ru,Male
Anselm,Reek,areekf2@wikia.com,Male
Alina,Gaymar,agaymarf3@plala.or.jp,Genderfluid
Lincoln,Lean,lleanf4@issuu.com,Male
Margaretha,Adamek,madamekf5@state.tx.us,Female
Devin,Ramelet,drameletf6@163.com,Female
Daisie,Mallaby,dmallabyf7@gravatar.com,Female
Esra,Pidcock,epidcockf8@163.com,Male
Gonzalo,Tembey,gtembeyf9@ask.com,Male
Artair,Aizlewood,aaizlewoodfa@mozilla.com,Genderfluid
Alley,Daltrey,adaltreyfb@cnn.com,Male
Darice,Lawleff,dlawlefffc@free.fr,Female
Tull,Wahncke,twahnckefd@chicagotribune.com,Male
Glynn,Bonifant,gbonifantfe@hc360.com,Male
Mirilla,Amer,mamerff@state.gov,Female
Alma,Heady,aheadyfg@google.com,Female
Caresse,Culwen,cculwenfh@goo.ne.jp,Female
Holmes,Cron,hcronfi@mtv.com,Male
Florance,Stobbe,fstobbefj@army.mil,Female
Matelda,Sneyd,msneydfk@dagondesign.com,Female
Julian,Chastang,jchastangfl@bing.com,Male
Micaela,Pettie,mpettiefm@fastcompany.com,Female
Reinhard,Wolfit,rwolfitfn@google.co.jp,Male
Giordano,De Haven,gdehavenfo@ca.gov,Male
Merill,Coleshill,mcoleshillfp@army.mil,Male
Karlens,Woodwing,kwoodwingfq@mit.edu,Male
Fina,Shimoni,fshimonifr@angelfire.com,Female
Shelley,Iacovides,siacovidesfs@slashdot.org,Male
Krystal,Bardwall,kbardwallft@senate.gov,Female
Ben,Zupo,bzupofu@economist.com,Genderqueer
Ranna,Okker,rokkerfv@ft.com,Female
Petunia,Colegrove,pcolegrovefw@zimbio.com,Female
Rachele,Northen,rnorthenfx@nsw.gov.au,Female
Burgess,Frow,bfrowfy@theglobeandmail.com,Genderqueer
Constantin,Jenno,cjennofz@dropbox.com,Male
Marcellina,Reyes,mreyesg0@hexun.com,Female
Delaney,Methringham,dmethringhamg1@nifty.com,Male
Woodie,Sprigings,wsprigingsg2@bloglovin.com,Male
Brett,Henderson,bhendersong3@mozilla.com,Male
Alvie,Austing,aaustingg4@t.co,Male
Roanne,Yurukhin,ryurukhing5@sakura.ne.jp,Polygender
Kristo,Hurley,khurleyg6@fda.gov,Male
Livy,Orme,lormeg7@prlog.org,Female
Stanly,Halwill,shalwillg8@tripadvisor.com,Male
Hewe,Giacomo,hgiacomog9@indiegogo.com,Non-binary
Pepita,Prudham,pprudhamga@netscape.com,Genderfluid
Esme,Stemson,estemsongb@istockphoto.com,Female
Koenraad,Loxton,kloxtongc@google.com.br,Male
Clementine,Thripp,cthrippgd@google.de,Female
Holli,Jehu,hjehuge@wiley.com,Female
Maison,Kristufek,mkristufekgf@illinois.edu,Male
Omar,Paoletti,opaolettigg@lulu.com,Male
Silvio,Turri,sturrigh@prlog.org,Male
Vanessa,Brunicke,vbrunickegi@twitter.com,Genderqueer
Oralee,Dudmesh,odudmeshgj@hud.gov,Female
Jessalyn,Darragh,jdarraghgk@blogspot.com,Female
Alena,Vanderson,avandersongl@bandcamp.com,Female
Wadsworth,Cotta,wcottagm@archive.org,Agender
Hailee,Kilbourne,hkilbournegn@dailymail.co.uk,Female
Mannie,Towns,mtownsgo@virginia.edu,Male
Welby,Franken,wfrankengp@dyndns.org,Male
Rory,Simkiss,rsimkissgq@hc360.com,Female
Donia,Alder,daldergr@livejournal.com,Female
Lonni,Pitchers,lpitchersgs@huffingtonpost.com,Female
Dorrie,Perrelle,dperrellegt@google.com.hk,Female
Evanne,Crannage,ecrannagegu@com.com,Bigender
Marlin,Jerdein,mjerdeingv@census.gov,Male
Darnell,Grimsdyke,dgrimsdykegw@opera.com,Male
Sid,Willmont,swillmontgx@constantcontact.com,Male
Gwenora,Taig,gtaiggy@sphinn.com,Female
Helene,Tommei,htommeigz@cpanel.net,Female
Korey,Pittet,kpitteth0@buzzfeed.com,Male
Angie,Koppeck,akoppeckh1@nps.gov,Female
Jasmina,Horsey,jhorseyh2@studiopress.com,Female
Dame,Norfolk,dnorfolkh3@drupal.org,Male
Guthrey,Gullis,ggullish4@cnbc.com,Male
Ollie,Britian,obritianh5@github.io,Male
Dulci,Elegood,delegoodh6@surveymonkey.com,Female
Tobi,O'Fallon,tofallonh7@a8.net,Female
Benyamin,Caush,bcaushh8@goodreads.com,Male
Kial,Rosenthal,krosenthalh9@themeforest.net,Female
Bram,Jaksic,bjaksicha@amazon.co.uk,Male
Jan,Byers,jbyershb@gov.uk,Female
Frants,Zammitt,fzammitthc@mtv.com,Male
Waneta,Domel,wdomelhd@sbwire.com,Female
Mag,Fenck,mfenckhe@taobao.com,Female
Enrika,Bootherstone,ebootherstonehf@jiathis.com,Female
Welby,Szabo,wszabohg@hexun.com,Male
Theodora,Rehme,trehmehh@bloglines.com,Female
Nathan,Clelle,nclellehi@google.es,Male
Johan,Canniffe,jcanniffehj@newyorker.com,Male
Alexander,Antunez,aantunezhk@berkeley.edu,Male
Alexander,Cords,acordshl@posterous.com,Male
Alfi,Morling,amorlinghm@admin.ch,Female
Weston,Tomaino,wtomainohn@wordpress.com,Male
Ahmad,Embery,aemberyho@shutterfly.com,Male
Abigale,Klimes,aklimeshp@un.org,Female
Buddy,Demangel,bdemangelhq@bizjournals.com,Bigender
Karleen,Golledge,kgolledgehr@tmall.com,Female
Libbi,Skivington,lskivingtonhs@moonfruit.com,Female
Garner,Healings,ghealingsht@blogtalkradio.com,Male
Jerrome,Coldicott,jcoldicotthu@prweb.com,Male
Marleah,Pendergrast,mpendergrasthv@csmonitor.com,Female
Maximilianus,Dally,mdallyhw@sfgate.com,Male
Tate,McPhelimey,tmcphelimeyhx@arstechnica.com,Female
Karole,Obray,kobrayhy@ebay.com,Polygender
Jessalin,Semmence,jsemmencehz@macromedia.com,Female
Jorrie,Bowlesworth,jbowlesworthi0@ustream.tv,Female
Jeniffer,McClements,jmcclementsi1@cocolog-nifty.com,Female
Juliane,Redhills,jredhillsi2@state.gov,Genderqueer
Wynn,Thorneywork,wthorneyworki3@t.co,Female
Haleigh,Christoffels,hchristoffelsi4@mail.ru,Female
Shelbi,Scanlon,sscanloni5@posterous.com,Female
Nike,Jackways,njackwaysi6@examiner.com,Polygender
Benson,Mulbry,bmulbryi7@acquirethisname.com,Male
Talyah,Tremmil,ttremmili8@netvibes.com,Female
Val,O' Meara,vomearai9@toplist.cz,Male
Evelina,Bunson,ebunsonia@timesonline.co.uk,Female
Jen,Burniston,jburnistonib@nih.gov,Female
Sunshine,Balma,sbalmaic@washingtonpost.com,Bigender
Trumann,Mellish,tmellishid@dedecms.com,Male
Willy,Harmston,wharmstonie@google.ru,Male
Monty,Jaqueme,mjaquemeif@mediafire.com,Male
Maighdiln,Wolledge,mwolledgeig@deviantart.com,Female
Aldric,Riggulsford,ariggulsfordih@intel.com,Male
Alex,Cotes,acotesii@washington.edu,Male
Meredithe,McPhee,mmcpheeij@indiatimes.com,Female
Marissa,McLeary,mmclearyik@scientificamerican.com,Agender
Tracey,Espine,tespineil@statcounter.com,Genderfluid
Rubetta,Zipsell,rzipsellim@liveinternet.ru,Female
Earle,Freckleton,efreckletonin@slate.com,Male
Rolph,Twitchett,rtwitchettio@t-online.de,Male
Wade,Salters,wsaltersip@zdnet.com,Male
Elizabeth,Brookhouse,ebrookhouseiq@addtoany.com,Female
Lexis,Jansey,ljanseyir@imgur.com,Female
Matt,Trewman,mtrewmanis@comcast.net,Male
Terri,Scruby,tscrubyit@amazon.com,Female
Park,Tumbridge,ptumbridgeiu@linkedin.com,Male
Fonz,Morforth,fmorforthiv@feedburner.com,Male
Pietro,Hicken,phickeniw@chicagotribune.com,Male
Ailene,Ketts,akettsix@nyu.edu,Female
Chevy,Garroch,cgarrochiy@sohu.com,Male
Rosy,Nockles,rnocklesiz@ovh.net,Female
Glynn,Ondracek,gondracekj0@diigo.com,Male
Bill,Mountford,bmountfordj1@freewebs.com,Female
Gilberto,Guiraud,gguiraudj2@gmpg.org,Male
Nataline,Cianni,nciannij3@ehow.com,Female
Happy,Bertram,hbertramj4@theguardian.com,Female
Floyd,Whye,fwhyej5@mozilla.org,Male
Bonny,Liell,bliellj6@si.edu,Female
Kay,Feldharker,kfeldharkerj7@redcross.org,Female
Kahlil,Rubinovitsch,krubinovitschj8@vistaprint.com,Male
Feliza,Cregin,fcreginj9@rediff.com,Female
Kamilah,Widdison,kwiddisonja@nydailynews.com,Female
Whitby,Oxbury,woxburyjb@jugem.jp,Male
Emyle,Tuiller,etuillerjc@indiatimes.com,Agender
Perl,O' Driscoll,podriscolljd@yolasite.com,Female
Rachele,Giacovelli,rgiacovellije@ustream.tv,Female
Esteban,Bartczak,ebartczakjf@techcrunch.com,Male
Adara,Sarl,asarljg@google.co.uk,Female
Helenka,Torricella,htorricellajh@narod.ru,Agender
Chloe,Dollard,cdollardji@zdnet.com,Female
Enoch,Droghan,edroghanjj@xing.com,Male
Spencer,Donnachie,sdonnachiejk@goo.ne.jp,Male
Jyoti,Huckerbe,jhuckerbejl@umn.edu,Female
Hussein,Joron,hjoronjm@google.es,Male
Federico,Croad,fcroadjn@unblog.fr,Male
Guthry,Frotton,gfrottonjo@wunderground.com,Male
Des,Keyte,dkeytejp@answers.com,Male
Almire,Loudwell,aloudwelljq@dailymotion.com,Female
Zonnya,Roper,zroperjr@bizjournals.com,Female
Johnathon,Staniland,jstanilandjs@fema.gov,Male
Mattias,Caplen,mcaplenjt@topsy.com,Genderqueer
Arabelle,Jachimiak,ajachimiakju@so-net.ne.jp,Polygender
Junette,Liggens,jliggensjv@hatena.ne.jp,Female
Alaric,Orring,aorringjw@elegantthemes.com,Male
Gabbie,de Clerc,gdeclercjx@macromedia.com,Male
Bianca,Maycock,bmaycockjy@tripadvisor.com,Female
Floris,Tompkin,ftompkinjz@google.nl,Female
Amata,Pury,apuryk0@pcworld.com,Female
Izak,Pasterfield,ipasterfieldk1@networkadvertising.org,Male
Leland,Slide,lslidek2@cafepress.com,Male
Rafaellle,Trees,rtreesk3@networkadvertising.org,Male
Dedra,Norcliff,dnorcliffk4@geocities.com,Female
Adelaide,Crockley,acrockleyk5@bizjournals.com,Female
Jarrod,Coathup,jcoathupk6@redcross.org,Male
Heidie,McQuorkel,hmcquorkelk7@t-online.de,Female
Winona,Urch,wurchk8@stumbleupon.com,Agender
Almeria,Shemwell,ashemwellk9@barnesandnoble.com,Female
Padgett,Tellenbach,ptellenbachka@smh.com.au,Male
Cornelle,English,cenglishkb@netscape.com,Female
Star,Ubsdall,subsdallkc@freewebs.com,Female
Nels,Pimlett,npimlettkd@mapy.cz,Male
Joella,Dimic,jdimicke@usnews.com,Female
Traver,Napthine,tnapthinekf@dailymotion.com,Male
Steffane,Disdel,sdisdelkg@amazonaws.com,Female
Minta,Novic,mnovickh@huffingtonpost.com,Female
Marget,Jedrzejczak,mjedrzejczakki@mayoclinic.com,Agender
Lolly,Gratrix,lgratrixkj@examiner.com,Female
Gianna,Prowse,gprowsekk@tamu.edu,Female
Ricki,Rosenblum,rrosenblumkl@sitemeter.com,Female
Natale,Borzone,nborzonekm@amazonaws.com,Male
Taddeo,Ferreras,tferreraskn@dmoz.org,Male
Annmaria,Clemo,aclemoko@meetup.com,Female
Lydia,Very,lverykp@theatlantic.com,Female
Tracy,Spurden,tspurdenkq@hao123.com,Male
Sianna,Lardge,slardgekr@clickbank.net,Female
Michele,Durno,mdurnoks@wikipedia.org,Bigender
Gaultiero,Zoellner,gzoellnerkt@simplemachines.org,Male
Stormie,Coffey,scoffeyku@lulu.com,Female
Nadiya,Clohissy,nclohissykv@nbcnews.com,Female
Hayyim,Hegge,hheggekw@lulu.com,Male
Eugine,Sponton,espontonkx@umn.edu,Female
Gladi,Checkley,gcheckleyky@google.cn,Female
Farly,Gutch,fgutchkz@slashdot.org,Male
Inger,McKilroe,imckilroel0@craigslist.org,Male
Stanley,Rubin,srubinl1@census.gov,Male
Ives,Delia,idelial2@gravatar.com,Male
Charlie,Reely,creelyl3@booking.com,Male
Jessalyn,Castletine,jcastletinel4@senate.gov,Female
Inez,Cain,icainl5@topsy.com,Female
Corny,Diche,cdichel6@eepurl.com,Male
Jody,Eaklee,jeakleel7@dot.gov,Male
Rea,Collingham,rcollinghaml8@mtv.com,Female
Dennis,Eilert,deilertl9@ameblo.jp,Male
Marigold,Cotes,mcotesla@51.la,Female
Denys,Dole,ddolelb@spiegel.de,Male
Georgeanna,Karolowski,gkarolowskilc@technorati.com,Female
Lay,Pie,lpield@senate.gov,Male
Austina,Kadwallider,akadwalliderle@berkeley.edu,Female
Paige,Gallie,pgallielf@cam.ac.uk,Male
Sinclare,Tinkham,stinkhamlg@diigo.com,Male
Randolph,von Nassau,rvonnassaulh@live.com,Male
Cchaddie,Olenikov,colenikovli@woothemes.com,Male
Siusan,Duberry,sduberrylj@posterous.com,Female
Giovanni,Madoc-Jones,gmadocjoneslk@indiegogo.com,Male
Brook,Karlsen,bkarlsenll@github.com,Female
Cariotta,Groarty,cgroartylm@arizona.edu,Female
Luella,Archer,larcherln@xinhuanet.com,Female
Ramona,Patron,rpatronlo@nytimes.com,Female
Rees,Kinghorne,rkinghornelp@imageshack.us,Male
Linoel,Wanstall,lwanstalllq@etsy.com,Male
Shay,Addess,saddesslr@slate.com,Female
Gaylord,Stanbridge,gstanbridgels@ihg.com,Male
Monique,Barley,mbarleylt@yahoo.co.jp,Female
Aylmer,Cadd,acaddlu@clickbank.net,Male
Mort,Grioli,mgriolilv@typepad.com,Male
Ailbert,Jovis,ajovislw@slideshare.net,Male
Kym,Henighan,khenighanlx@alexa.com,Female
Onida,Beasleigh,obeasleighly@howstuffworks.com,Female
Norby,Rosenblath,nrosenblathlz@nytimes.com,Non-binary
Chickie,Ropartz,cropartzm0@bbb.org,Female
Coretta,Weben,cwebenm1@dmoz.org,Bigender
Dorena,Whyberd,dwhyberdm2@japanpost.jp,Female
Lindsey,Abbots,labbotsm3@ed.gov,Male
Mureil,Summerside,msummersidem4@goodreads.com,Female
Fredericka,Barthod,fbarthodm5@census.gov,Female
Guillermo,Priel,gprielm6@imdb.com,Male
Fredric,Ousbie,fousbiem7@devhub.com,Male
Elmo,Bucknall,ebucknallm8@nsw.gov.au,Genderqueer
Evanne,Pitkethly,epitkethlym9@wordpress.org,Female
Gabbie,Cases,gcasesma@indiatimes.com,Female
Rees,Ruprecht,rruprechtmb@merriam-webster.com,Male
Kellby,Campa,kcampamc@businesswire.com,Male
Julienne,Hamlett,jhamlettmd@irs.gov,Female
Mercedes,Gamlen,mgamlenme@macromedia.com,Female
Flory,Gregersen,fgregersenmf@indiatimes.com,Female
Indira,Thornally,ithornallymg@t.co,Female
Leigha,Paulsson,lpaulssonmh@abc.net.au,Female
Chad,Trewman,ctrewmanmi@noaa.gov,Non-binary
Aguistin,de Glanville,adeglanvillemj@yelp.com,Male
Florrie,Renvoys,frenvoysmk@myspace.com,Female
Orsola,Dredge,odredgeml@privacy.gov.au,Genderqueer
Fran,Dewen,fdewenmm@yellowbook.com,Female
Ashton,Kidgell,akidgellmn@eventbrite.com,Male
Nikola,McCory,nmccorymo@google.com.au,Male
Eugenius,Southwick,esouthwickmp@weibo.com,Male
Alfonse,Okenden,aokendenmq@51.la,Male
Jessy,O'Kennedy,jokennedymr@cafepress.com,Female
Flor,Montfort,fmontfortms@creativecommons.org,Female
Julissa,Dewen,jdewenmt@mediafire.com,Female
Gaston,Bambridge,gbambridgemu@nasa.gov,Male
Raphael,MacIlhagga,rmacilhaggamv@nytimes.com,Male
Whitman,Falla,wfallamw@icq.com,Male
Wye,Figger,wfiggermx@smh.com.au,Male
Osborne,McAlpin,omcalpinmy@amazon.com,Male
Deeann,Killner,dkillnermz@senate.gov,Female
Kyla,Salthouse,ksalthousen0@scientificamerican.com,Female
Janina,Cornewall,jcornewalln1@gravatar.com,Female
Inesita,Maccaddie,imaccaddien2@nasa.gov,Female
Devonne,Reichartz,dreichartzn3@people.com.cn,Female
Karon,Pirdy,kpirdyn4@state.gov,Female
Edy,Treagust,etreagustn5@networksolutions.com,Female
Prudy,McSorley,pmcsorleyn6@uol.com.br,Female
Damien,Bourton,dbourtonn7@networkadvertising.org,Non-binary
Susan,Tourmell,stourmelln8@g.co,Female
Alaster,Gurnett,agurnettn9@usda.gov,Male
Kaycee,Kolakowski,kkolakowskina@phpbb.com,Female
Simonette,Sisey,ssiseynb@guardian.co.uk,Female
Candis,Craze,ccrazenc@youtu.be,Female
Glenine,McTurley,gmcturleynd@vistaprint.com,Female
Steve,Boulton,sboultonne@mail.ru,Male
Andrey,Facchini,afacchininf@prweb.com,Male
Earvin,Casacchia,ecasacchiang@indiatimes.com,Male
Diann,Wyeth,dwyethnh@ifeng.com,Female
Sheree,Jellicorse,sjellicorseni@1und1.de,Female
Gilbertina,Yakunchikov,gyakunchikovnj@aboutads.info,Female
Jenica,Blancowe,jblancowenk@friendfeed.com,Female
Pembroke,Terlinden,pterlindennl@engadget.com,Agender
Jonah,Gruczka,jgruczkanm@prlog.org,Male
Ameline,Cockling,acocklingnn@liveinternet.ru,Female
Nollie,Jewkes,njewkesno@arizona.edu,Non-binary
Darcey,MacMorland,dmacmorlandnp@noaa.gov,Female
Brantley,Laughlan,blaughlannq@howstuffworks.com,Male
Alonzo,Toping,atopingnr@nature.com,Male
Bernardina,Niess,bniessns@ifeng.com,Female
Judas,Grime,jgriment@163.com,Male
Zea,Badland,zbadlandnu@xinhuanet.com,Female
Jesse,Gook,jgooknv@pagesperso-orange.fr,Male
Timmy,Minchin,tminchinnw@histats.com,Male
Perri,Crack,pcracknx@4shared.com,Female
Roberto,Tuison,rtuisonny@hubpages.com,Male
Carline,Prantoni,cprantoninz@answers.com,Female
Ambrosi,Fudger,afudgero0@prnewswire.com,Male
Maurizio,Shakeshaft,mshakeshafto1@uol.com.br,Male
Haley,Curme,hcurmeo2@discovery.com,Female
Dulsea,Tredinnick,dtredinnicko3@bloglovin.com,Female
Cecile,Jurca,cjurcao4@prweb.com,Female
Aila,Lorenzini,alorenzinio5@disqus.com,Female
Davine,Tremeer,dtremeero6@youtu.be,Female
Starlin,Andover,sandovero7@a8.net,Female
Dale,Di Biagio,ddibiagioo8@telegraph.co.uk,Female
Augustin,Mowles,amowleso9@symantec.com,Male
Kaitlin,Lafay,klafayoa@imgur.com,Female
Page,Kiernan,pkiernanob@netvibes.com,Female
Jeannie,Doles,jdolesoc@japanpost.jp,Female
Walt,Peterson,wpetersonod@vinaora.com,Male
Dimitri,Kermott,dkermottoe@facebook.com,Male
Kenny,Trobe,ktrobeof@github.com,Male
Stacia,Corbridge,scorbridgeog@nifty.com,Female
Horton,Mum,hmumoh@statcounter.com,Male
Catherin,Melbert,cmelbertoi@vinaora.com,Female
Freddy,Quarrell,fquarrelloj@nps.gov,Female
Marti,Rizziello,mrizziellook@nydailynews.com,Female
Leilah,Leivers,lleiversol@ft.com,Female
Ariana,Cradock,acradockom@newyorker.com,Female
Irvine,Canario,icanarioon@t.co,Male
Anabelle,Allkins,aallkinsoo@sogou.com,Female
Anna-diana,Jedrys,ajedrysop@seesaa.net,Non-binary
Kahaleel,Masden,kmasdenoq@yellowbook.com,Male
Peyter,MacIan,pmacianor@europa.eu,Male
Alia,Tilney,atilneyos@hatena.ne.jp,Female
Danna,Grote,dgroteot@chronoengine.com,Female
Forest,Loveless,flovelessou@fastcompany.com,Male
Lou,Beere,lbeereov@i2i.jp,Female
Alexandro,Redihalgh,aredihalghow@youtube.com,Male
Carrie,Limeburner,climeburnerox@nsw.gov.au,Female
Mackenzie,Grzelczyk,mgrzelczykoy@wufoo.com,Male
Erhard,Postill,epostilloz@wikia.com,Male
Harp,Cocklin,hcocklinp0@engadget.com,Male
Richardo,Standon,rstandonp1@ameblo.jp,Male
Henry,Giacomoni,hgiacomonip2@microsoft.com,Male
Maighdiln,Kilduff,mkilduffp3@barnesandnoble.com,Female
Jimmie,Tibbles,jtibblesp4@home.pl,Genderqueer
Letizia,Despenser,ldespenserp5@wikimedia.org,Female
Sela,Bursnoll,sbursnollp6@google.ca,Bigender
Quint,Chessell,qchessellp7@unc.edu,Male
Jacquie,Exton,jextonp8@usnews.com,Female
Oralla,Pennone,opennonep9@gnu.org,Genderqueer
Peri,Everleigh,peverleighpa@blogspot.com,Female
Daphna,Pressland,dpresslandpb@weather.com,Female
Rebecka,Huyge,rhuygepc@deliciousdays.com,Female
Avie,Basilone,abasilonepd@discovery.com,Female
Marcos,Limbrick,mlimbrickpe@multiply.com,Male
Merissa,Swaton,mswatonpf@techcrunch.com,Female
Darn,Tremayle,dtremaylepg@soup.io,Male
Kienan,Ilyukhov,kilyukhovph@indiatimes.com,Genderfluid
Archie,Roscam,aroscampi@chron.com,Male
Fernande,Edensor,fedensorpj@linkedin.com,Female
Niles,Matson,nmatsonpk@domainmarket.com,Male
Melinde,Lattos,mlattospl@auda.org.au,Genderfluid
Salomo,Downing,sdowningpm@com.com,Male
Mayne,Pettko,mpettkopn@google.com.hk,Male
Norbert,Eakley,neakleypo@cpanel.net,Male
Krishna,Cancellario,kcancellariopp@1und1.de,Polygender
Karlene,Jacob,kjacobpq@dot.gov,Female
Evita,Geldeford,egeldefordpr@1688.com,Female
Krystyna,Bernot,kbernotps@tmall.com,Female
Gusta,Lenox,glenoxpt@symantec.com,Female
Akim,Kelf,akelfpu@princeton.edu,Non-binary
Felizio,Flatte,fflattepv@businessinsider.com,Male
Sven,Doggerell,sdoggerellpw@adobe.com,Male
Alastair,Klyn,aklynpx@sourceforge.net,Male
Marysa,Drysdell,mdrysdellpy@jugem.jp,Female
Alberto,Mattioli,amattiolipz@4shared.com,Male
Abner,Tedder,atedderq0@1688.com,Male
Charla,Gollop,cgollopq1@paginegialle.it,Female
Tanya,Harlick,tharlickq2@sohu.com,Female
Liesa,Sidebottom,lsidebottomq3@tripadvisor.com,Female
Aldo,McManus,amcmanusq4@nature.com,Male
Padraic,Loutheane,ploutheaneq5@census.gov,Male
Zonda,Craine,zcraineq6@shinystat.com,Female
Pippy,Blaes,pblaesq7@hugedomains.com,Female
Marcelle,Klemke,mklemkeq8@themeforest.net,Female
Currey,Boughen,cboughenq9@globo.com,Male
Brynne,Shingler,bshinglerqa@xing.com,Female
Gerrie,Vasyukov,gvasyukovqb@jiathis.com,Female
Joshuah,Sink,jsinkqc@icq.com,Male
Kittie,Chaffen,kchaffenqd@chronoengine.com,Female
Tammie,Parnaby,tparnabyqe@comcast.net,Agender
Keri,Rykert,krykertqf@intel.com,Female
Tabbie,Gonneau,tgonneauqg@elpais.com,Male
Kristan,Kuller,kkullerqh@biglobe.ne.jp,Female
Emmanuel,Tremollet,etremolletqi@gizmodo.com,Bigender
Kippie,O'Hanley,kohanleyqj@imgur.com,Female
Alexine,Gilson,agilsonqk@wired.com,Female
Roselin,Wenban,rwenbanql@mozilla.com,Female
Celinka,Kindell,ckindellqm@mtv.com,Female
Aimil,Duprey,adupreyqn@intel.com,Female
Audie,Simonazzi,asimonazziqo@marketwatch.com,Female
Lynne,Calloway,lcallowayqp@nifty.com,Female
Electra,O'Hoey,eohoeyqq@webeden.co.uk,Female
Reade,Gertray,rgertrayqr@wikia.com,Male
Jodie,Kaminski,jkaminskiqs@reuters.com,Female
Liza,Whatford,lwhatfordqt@webnode.com,Female
Nicolette,Myner,nmynerqu@t.co,Female
Phaidra,MacAskie,pmacaskieqv@shutterfly.com,Genderqueer
Kristoffer,Bidmead,kbidmeadqw@chicagotribune.com,Male
Charline,Gosker,cgoskerqx@tumblr.com,Female
Jerry,Wherton,jwhertonqy@pen.io,Male
Gigi,Abethell,gabethellqz@bluehost.com,Female
Trixi,Esome,tesomer0@etsy.com,Female
Robina,Parkhouse,rparkhouser1@networksolutions.com,Female
Devin,Pavelka,dpavelkar2@google.pl,Female
Marsh,Tatterton,mtattertonr3@ning.com,Male
Joceline,Middlewick,jmiddlewickr4@hugedomains.com,Female
Dionysus,Wibrew,dwibrewr5@auda.org.au,Male
Loree,O'Quin,loquinr6@wired.com,Female
Dyana,Shegog,dshegogr7@thetimes.co.uk,Female
Eugenio,Yetman,eyetmanr8@prlog.org,Male
Bryana,Conen,bconenr9@bizjournals.com,Female
Myca,Goly,mgolyra@abc.net.au,Male
Filberto,Hugnin,fhugninrb@jugem.jp,Male
Rhodia,Kember,rkemberrc@jalbum.net,Female
Augustin,Tomlins,atomlinsrd@google.cn,Male
Linoel,Aylmer,laylmerre@mozilla.org,Male
Kris,Bennen,kbennenrf@google.com,Female
Sheeree,Wheatley,swheatleyrg@time.com,Female
Celka,Wathen,cwathenrh@redcross.org,Agender
Romola,Maevela,rmaevelari@google.com,Female
Rolf,Flecknell,rflecknellrj@unicef.org,Male
Dollie,Langdale,dlangdalerk@java.com,Female
Kennan,Ramsey,kramseyrl@intel.com,Male
Humberto,Gerrad,hgerradrm@google.pl,Male
Huntington,Mitkov,hmitkovrn@fda.gov,Male
Khalil,Clawley,kclawleyro@etsy.com,Male
Farris,Kinnear,fkinnearrp@engadget.com,Male
King,Duthie,kduthierq@shinystat.com,Male
Mervin,Domenicone,mdomeniconerr@arizona.edu,Male
